"Program","Year","Period","Week Ending","Geo Level","State","State ANSI","Ag District","Ag District Code","County","County ANSI","Zip Code","Region","watershed_code","Watershed","Commodity","Data Item","Domain","Domain Category","Value","CV (%)"
"SURVEY","2024","YEAR","","COUNTY","OHIO","39","SOUTHWEST","70","CLINTON","027","","","00000000","","CORN","CORN, GRAIN - YIELD, MEASURED IN BU / ACRE","TOTAL","NOT SPECIFIED","207.6","1.3"
"SURVEY","2023","YEAR","","COUNTY","OHIO","39","SOUTHWEST","70","CLINTON","027","","","00000000","","CORN","CORN, GRAIN - YIELD, MEASURED IN BU / ACRE","TOTAL","NOT SPECIFIED","222.1","2.9"
"SURVEY","2022","YEAR","","COUNTY","OHIO","39","SOUTHWEST","70","CLINTON","027","","","00000000","","CORN","CORN, GRAIN - YIELD, MEASURED IN BU / ACRE","TOTAL","NOT SPECIFIED","196.2","2.9"
"SURVEY","2021","YEAR","","COUNTY","OHIO","39","SOUTHWEST","70","CLINTON","027","","","00000000","","CORN","CORN, GRAIN - YIELD, MEASURED IN BU / ACRE","TOTAL","NOT SPECIFIED","210.3","2.6"
"SURVEY","2020","YEAR","","COUNTY","OHIO","39","SOUTHWEST","70","CLINTON","027","","","00000000","","CORN","CORN, GRAIN - YIELD, MEASURED IN BU / ACRE","TOTAL","NOT SPECIFIED","199.8","1.5"
"SURVEY","2019","YEAR","","COUNTY","OHIO","39","SOUTHWEST","70","CLINTON","027","","","00000000","","CORN","CORN, GRAIN - YIELD, MEASURED IN BU / ACRE","TOTAL","NOT SPECIFIED","185.5",""
"SURVEY","2018","YEAR","","COUNTY","OHIO","39","SOUTHWEST","70","CLINTON","027","","","00000000","","CORN","CORN, GRAIN - YIELD, MEASURED IN BU / ACRE","TOTAL","NOT SPECIFIED","213",""
"SURVEY","2017","YEAR","","COUNTY","OHIO","39","SOUTHWEST","70","CLINTON","027","","","00000000","","CORN","CORN, GRAIN - YIELD, MEASURED IN BU / ACRE","TOTAL","NOT SPECIFIED","203.3",""
"SURVEY","2016","YEAR","","COUNTY","OHIO","39","SOUTHWEST","70","CLINTON","027","","","00000000","","CORN","CORN, GRAIN - YIELD, MEASURED IN BU / ACRE","TOTAL","NOT SPECIFIED","190.8",""
"SURVEY","2015","YEAR","","COUNTY","OHIO","39","SOUTHWEST","70","CLINTON","027","","","00000000","","CORN","CORN, GRAIN - YIELD, MEASURED IN BU / ACRE","TOTAL","NOT SPECIFIED","184.4",""
"SURVEY","2014","YEAR","","COUNTY","OHIO","39","SOUTHWEST","70","CLINTON","027","","","00000000","","CORN","CORN, GRAIN - YIELD, MEASURED IN BU / ACRE","TOTAL","NOT SPECIFIED","199.4",""
"SURVEY","2013","YEAR","","COUNTY","OHIO","39","SOUTHWEST","70","CLINTON","027","","","00000000","","CORN","CORN, GRAIN - YIELD, MEASURED IN BU / ACRE","TOTAL","NOT SPECIFIED","186.2",""
"SURVEY","2012","YEAR","","COUNTY","OHIO","39","SOUTHWEST","70","CLINTON","027","","","00000000","","CORN","CORN, GRAIN - YIELD, MEASURED IN BU / ACRE","TOTAL","NOT SPECIFIED","145.1",""
"SURVEY","2011","YEAR","","COUNTY","OHIO","39","SOUTHWEST","70","CLINTON","027","","","00000000","","CORN","CORN, GRAIN - YIELD, MEASURED IN BU / ACRE","TOTAL","NOT SPECIFIED","167.1",""
"SURVEY","2010","YEAR","","COUNTY","OHIO","39","SOUTHWEST","70","CLINTON","027","","","00000000","","CORN","CORN, GRAIN - YIELD, MEASURED IN BU / ACRE","TOTAL","NOT SPECIFIED","174.6",""
"SURVEY","2009","YEAR","","COUNTY","OHIO","39","SOUTHWEST","70","CLINTON","027","","","00000000","","CORN","CORN, GRAIN - YIELD, MEASURED IN BU / ACRE","TOTAL","NOT SPECIFIED","187.7",""
"SURVEY","2008","YEAR","","COUNTY","OHIO","39","SOUTHWEST","70","CLINTON","027","","","00000000","","CORN","CORN, GRAIN - YIELD, MEASURED IN BU / ACRE","TOTAL","NOT SPECIFIED","140",""
"SURVEY","2007","YEAR","","COUNTY","OHIO","39","SOUTHWEST","70","CLINTON","027","","","00000000","","CORN","CORN, GRAIN - YIELD, MEASURED IN BU / ACRE","TOTAL","NOT SPECIFIED","166.2",""
"SURVEY","2006","YEAR","","COUNTY","OHIO","39","SOUTHWEST","70","CLINTON","027","","","00000000","","CORN","CORN, GRAIN - YIELD, MEASURED IN BU / ACRE","TOTAL","NOT SPECIFIED","168.6",""
"SURVEY","2005","YEAR","","COUNTY","OHIO","39","SOUTHWEST","70","CLINTON","027","","","00000000","","CORN","CORN, GRAIN - YIELD, MEASURED IN BU / ACRE","TOTAL","NOT SPECIFIED","142.8",""
"SURVEY","2004","YEAR","","COUNTY","OHIO","39","SOUTHWEST","70","CLINTON","027","","","00000000","","CORN","CORN, GRAIN - YIELD, MEASURED IN BU / ACRE","TOTAL","NOT SPECIFIED","174.9",""
"SURVEY","2003","YEAR","","COUNTY","OHIO","39","SOUTHWEST","70","CLINTON","027","","","00000000","","CORN","CORN, GRAIN - YIELD, MEASURED IN BU / ACRE","TOTAL","NOT SPECIFIED","160.3",""
"SURVEY","2002","YEAR","","COUNTY","OHIO","39","SOUTHWEST","70","CLINTON","027","","","00000000","","CORN","CORN, GRAIN - YIELD, MEASURED IN BU / ACRE","TOTAL","NOT SPECIFIED","126.8",""
"SURVEY","2001","YEAR","","COUNTY","OHIO","39","SOUTHWEST","70","CLINTON","027","","","00000000","","CORN","CORN, GRAIN - YIELD, MEASURED IN BU / ACRE","TOTAL","NOT SPECIFIED","149.2",""
"SURVEY","2000","YEAR","","COUNTY","OHIO","39","SOUTHWEST","70","CLINTON","027","","","00000000","","CORN","CORN, GRAIN - YIELD, MEASURED IN BU / ACRE","TOTAL","NOT SPECIFIED","166.6",""
"SURVEY","1999","YEAR","","COUNTY","OHIO","39","SOUTHWEST","70","CLINTON","027","","","00000000","","CORN","CORN, GRAIN - YIELD, MEASURED IN BU / ACRE","TOTAL","NOT SPECIFIED","117.3",""
"SURVEY","1998","YEAR","","COUNTY","OHIO","39","SOUTHWEST","70","CLINTON","027","","","00000000","","CORN","CORN, GRAIN - YIELD, MEASURED IN BU / ACRE","TOTAL","NOT SPECIFIED","136.9",""
"SURVEY","1997","YEAR","","COUNTY","OHIO","39","SOUTHWEST","70","CLINTON","027","","","00000000","","CORN","CORN, GRAIN - YIELD, MEASURED IN BU / ACRE","TOTAL","NOT SPECIFIED","141.7",""
"SURVEY","1996","YEAR","","COUNTY","OHIO","39","SOUTHWEST","70","CLINTON","027","","","00000000","","CORN","CORN, GRAIN - YIELD, MEASURED IN BU / ACRE","TOTAL","NOT SPECIFIED","120.9",""
"SURVEY","1995","YEAR","","COUNTY","OHIO","39","SOUTHWEST","70","CLINTON","027","","","00000000","","CORN","CORN, GRAIN - YIELD, MEASURED IN BU / ACRE","TOTAL","NOT SPECIFIED","122.2",""
"SURVEY","1994","YEAR","","COUNTY","OHIO","39","SOUTHWEST","70","CLINTON","027","","","00000000","","CORN","CORN, GRAIN - YIELD, MEASURED IN BU / ACRE","TOTAL","NOT SPECIFIED","145",""
"SURVEY","1993","YEAR","","COUNTY","OHIO","39","SOUTHWEST","70","CLINTON","027","","","00000000","","CORN","CORN, GRAIN - YIELD, MEASURED IN BU / ACRE","TOTAL","NOT SPECIFIED","120.1",""
"SURVEY","1992","YEAR","","COUNTY","OHIO","39","SOUTHWEST","70","CLINTON","027","","","00000000","","CORN","CORN, GRAIN - YIELD, MEASURED IN BU / ACRE","TOTAL","NOT SPECIFIED","151",""
"SURVEY","1991","YEAR","","COUNTY","OHIO","39","SOUTHWEST","70","CLINTON","027","","","00000000","","CORN","CORN, GRAIN - YIELD, MEASURED IN BU / ACRE","TOTAL","NOT SPECIFIED","117.8",""
"SURVEY","1990","YEAR","","COUNTY","OHIO","39","SOUTHWEST","70","CLINTON","027","","","00000000","","CORN","CORN, GRAIN - YIELD, MEASURED IN BU / ACRE","TOTAL","NOT SPECIFIED","123.8",""
"SURVEY","1989","YEAR","","COUNTY","OHIO","39","SOUTHWEST","70","CLINTON","027","","","00000000","","CORN","CORN, GRAIN - YIELD, MEASURED IN BU / ACRE","TOTAL","NOT SPECIFIED","126.6",""
"SURVEY","1988","YEAR","","COUNTY","OHIO","39","SOUTHWEST","70","CLINTON","027","","","00000000","","CORN","CORN, GRAIN - YIELD, MEASURED IN BU / ACRE","TOTAL","NOT SPECIFIED","100",""
"SURVEY","1987","YEAR","","COUNTY","OHIO","39","SOUTHWEST","70","CLINTON","027","","","00000000","","CORN","CORN, GRAIN - YIELD, MEASURED IN BU / ACRE","TOTAL","NOT SPECIFIED","133.9",""
"SURVEY","1986","YEAR","","COUNTY","OHIO","39","SOUTHWEST","70","CLINTON","027","","","00000000","","CORN","CORN, GRAIN - YIELD, MEASURED IN BU / ACRE","TOTAL","NOT SPECIFIED","139.6",""
"SURVEY","1985","YEAR","","COUNTY","OHIO","39","SOUTHWEST","70","CLINTON","027","","","00000000","","CORN","CORN, GRAIN - YIELD, MEASURED IN BU / ACRE","TOTAL","NOT SPECIFIED","133.8",""
"SURVEY","1985","YEAR","","COUNTY","OHIO","39","SOUTHWEST","70","CLINTON","027","","","00000000","","CORN","CORN, GRAIN - YIELD, MEASURED IN BU / NET PLANTED ACRE","TOTAL","NOT SPECIFIED","133.3",""
"SURVEY","1984","YEAR","","COUNTY","OHIO","39","SOUTHWEST","70","CLINTON","027","","","00000000","","CORN","CORN, GRAIN - YIELD, MEASURED IN BU / ACRE","TOTAL","NOT SPECIFIED","127",""
"SURVEY","1984","YEAR","","COUNTY","OHIO","39","SOUTHWEST","70","CLINTON","027","","","00000000","","CORN","CORN, GRAIN - YIELD, MEASURED IN BU / NET PLANTED ACRE","TOTAL","NOT SPECIFIED","126.1",""
"SURVEY","1983","YEAR","","COUNTY","OHIO","39","SOUTHWEST","70","CLINTON","027","","","00000000","","CORN","CORN, GRAIN - YIELD, MEASURED IN BU / ACRE","TOTAL","NOT SPECIFIED","84.8",""
"SURVEY","1983","YEAR","","COUNTY","OHIO","39","SOUTHWEST","70","CLINTON","027","","","00000000","","CORN","CORN, GRAIN - YIELD, MEASURED IN BU / NET PLANTED ACRE","TOTAL","NOT SPECIFIED","84.2",""
"SURVEY","1982","YEAR","","COUNTY","OHIO","39","SOUTHWEST","70","CLINTON","027","","","00000000","","CORN","CORN, GRAIN - YIELD, MEASURED IN BU / ACRE","TOTAL","NOT SPECIFIED","124.3",""
"SURVEY","1982","YEAR","","COUNTY","OHIO","39","SOUTHWEST","70","CLINTON","027","","","00000000","","CORN","CORN, GRAIN - YIELD, MEASURED IN BU / NET PLANTED ACRE","TOTAL","NOT SPECIFIED","123.9",""
"SURVEY","1981","YEAR","","COUNTY","OHIO","39","SOUTHWEST","70","CLINTON","027","","","00000000","","CORN","CORN, GRAIN - YIELD, MEASURED IN BU / ACRE","TOTAL","NOT SPECIFIED","86.2",""
"SURVEY","1981","YEAR","","COUNTY","OHIO","39","SOUTHWEST","70","CLINTON","027","","","00000000","","CORN","CORN, GRAIN - YIELD, MEASURED IN BU / NET PLANTED ACRE","TOTAL","NOT SPECIFIED","84.4",""
"SURVEY","1980","YEAR","","COUNTY","OHIO","39","SOUTHWEST","70","CLINTON","027","","","00000000","","CORN","CORN, GRAIN - YIELD, MEASURED IN BU / ACRE","TOTAL","NOT SPECIFIED","118.2",""
"SURVEY","1980","YEAR","","COUNTY","OHIO","39","SOUTHWEST","70","CLINTON","027","","","00000000","","CORN","CORN, GRAIN - YIELD, MEASURED IN BU / NET PLANTED ACRE","TOTAL","NOT SPECIFIED","117.3",""
"SURVEY","1979","YEAR","","COUNTY","OHIO","39","SOUTHWEST","70","CLINTON","027","","","00000000","","CORN","CORN, GRAIN - YIELD, MEASURED IN BU / ACRE","TOTAL","NOT SPECIFIED","117.4",""
"SURVEY","1979","YEAR","","COUNTY","OHIO","39","SOUTHWEST","70","CLINTON","027","","","00000000","","CORN","CORN, GRAIN - YIELD, MEASURED IN BU / NET PLANTED ACRE","TOTAL","NOT SPECIFIED","116.9",""
"SURVEY","1978","YEAR","","COUNTY","OHIO","39","SOUTHWEST","70","CLINTON","027","","","00000000","","CORN","CORN, GRAIN - YIELD, MEASURED IN BU / ACRE","TOTAL","NOT SPECIFIED","113.3",""
"SURVEY","1978","YEAR","","COUNTY","OHIO","39","SOUTHWEST","70","CLINTON","027","","","00000000","","CORN","CORN, GRAIN - YIELD, MEASURED IN BU / NET PLANTED ACRE","TOTAL","NOT SPECIFIED","112.6",""
"SURVEY","1977","YEAR","","COUNTY","OHIO","39","SOUTHWEST","70","CLINTON","027","","","00000000","","CORN","CORN, GRAIN - YIELD, MEASURED IN BU / ACRE","TOTAL","NOT SPECIFIED","110.3",""
"SURVEY","1977","YEAR","","COUNTY","OHIO","39","SOUTHWEST","70","CLINTON","027","","","00000000","","CORN","CORN, GRAIN - YIELD, MEASURED IN BU / NET PLANTED ACRE","TOTAL","NOT SPECIFIED","109.6",""
"SURVEY","1976","YEAR","","COUNTY","OHIO","39","SOUTHWEST","70","CLINTON","027","","","00000000","","CORN","CORN, GRAIN - YIELD, MEASURED IN BU / ACRE","TOTAL","NOT SPECIFIED","119.1",""
"SURVEY","1976","YEAR","","COUNTY","OHIO","39","SOUTHWEST","70","CLINTON","027","","","00000000","","CORN","CORN, GRAIN - YIELD, MEASURED IN BU / NET PLANTED ACRE","TOTAL","NOT SPECIFIED","118.6",""
"SURVEY","1975","YEAR","","COUNTY","OHIO","39","SOUTHWEST","70","CLINTON","027","","","00000000","","CORN","CORN, GRAIN - YIELD, MEASURED IN BU / ACRE","TOTAL","NOT SPECIFIED","96.7",""
"SURVEY","1975","YEAR","","COUNTY","OHIO","39","SOUTHWEST","70","CLINTON","027","","","00000000","","CORN","CORN, GRAIN - YIELD, MEASURED IN BU / NET PLANTED ACRE","TOTAL","NOT SPECIFIED","96.4",""
"SURVEY","1974","YEAR","","COUNTY","OHIO","39","SOUTHWEST","70","CLINTON","027","","","00000000","","CORN","CORN, GRAIN - YIELD, MEASURED IN BU / ACRE","TOTAL","NOT SPECIFIED","90.3",""
"SURVEY","1974","YEAR","","COUNTY","OHIO","39","SOUTHWEST","70","CLINTON","027","","","00000000","","CORN","CORN, GRAIN - YIELD, MEASURED IN BU / NET PLANTED ACRE","TOTAL","NOT SPECIFIED","87.4",""
"SURVEY","1973","YEAR","","COUNTY","OHIO","39","SOUTHWEST","70","CLINTON","027","","","00000000","","CORN","CORN, GRAIN - YIELD, MEASURED IN BU / ACRE","TOTAL","NOT SPECIFIED","86.9",""
"SURVEY","1973","YEAR","","COUNTY","OHIO","39","SOUTHWEST","70","CLINTON","027","","","00000000","","CORN","CORN, GRAIN - YIELD, MEASURED IN BU / NET PLANTED ACRE","TOTAL","NOT SPECIFIED","86",""
"SURVEY","1972","YEAR","","COUNTY","OHIO","39","SOUTHWEST","70","CLINTON","027","","","00000000","","CORN","CORN, GRAIN - YIELD, MEASURED IN BU / ACRE","TOTAL","NOT SPECIFIED","91",""
"SURVEY","1972","YEAR","","COUNTY","OHIO","39","SOUTHWEST","70","CLINTON","027","","","00000000","","CORN","CORN, GRAIN - YIELD, MEASURED IN BU / NET PLANTED ACRE","TOTAL","NOT SPECIFIED","89.8",""
"SURVEY","1971","YEAR","","COUNTY","OHIO","39","SOUTHWEST","70","CLINTON","027","","","00000000","","CORN","CORN, GRAIN - YIELD, MEASURED IN BU / ACRE","TOTAL","NOT SPECIFIED","95",""
"SURVEY","1970","YEAR","","COUNTY","OHIO","39","SOUTHWEST","70","CLINTON","027","","","00000000","","CORN","CORN, GRAIN - YIELD, MEASURED IN BU / ACRE","TOTAL","NOT SPECIFIED","76",""
"SURVEY","1969","YEAR","","COUNTY","OHIO","39","SOUTHWEST","70","CLINTON","027","","","00000000","","CORN","CORN, GRAIN - YIELD, MEASURED IN BU / ACRE","TOTAL","NOT SPECIFIED","101",""
"SURVEY","1968","YEAR","","COUNTY","OHIO","39","SOUTHWEST","70","CLINTON","027","","","00000000","","CORN","CORN, GRAIN - YIELD, MEASURED IN BU / ACRE","TOTAL","NOT SPECIFIED","88",""
"SURVEY","1967","YEAR","","COUNTY","OHIO","39","SOUTHWEST","70","CLINTON","027","","","00000000","","CORN","CORN, GRAIN - YIELD, MEASURED IN BU / ACRE","TOTAL","NOT SPECIFIED","84",""
"SURVEY","1966","YEAR","","COUNTY","OHIO","39","SOUTHWEST","70","CLINTON","027","","","00000000","","CORN","CORN, GRAIN - YIELD, MEASURED IN BU / ACRE","TOTAL","NOT SPECIFIED","88",""
"SURVEY","1965","YEAR","","COUNTY","OHIO","39","SOUTHWEST","70","CLINTON","027","","","00000000","","CORN","CORN, GRAIN - YIELD, MEASURED IN BU / ACRE","TOTAL","NOT SPECIFIED","89",""
"SURVEY","1964","YEAR","","COUNTY","OHIO","39","SOUTHWEST","70","CLINTON","027","","","00000000","","CORN","CORN, GRAIN - YIELD, MEASURED IN BU / ACRE","TOTAL","NOT SPECIFIED","71",""
"SURVEY","1963","YEAR","","COUNTY","OHIO","39","SOUTHWEST","70","CLINTON","027","","","00000000","","CORN","CORN, GRAIN - YIELD, MEASURED IN BU / ACRE","TOTAL","NOT SPECIFIED","92",""
"SURVEY","1962","YEAR","","COUNTY","OHIO","39","SOUTHWEST","70","CLINTON","027","","","00000000","","CORN","CORN, GRAIN - YIELD, MEASURED IN BU / ACRE","TOTAL","NOT SPECIFIED","87",""
"SURVEY","1961","YEAR","","COUNTY","OHIO","39","SOUTHWEST","70","CLINTON","027","","","00000000","","CORN","CORN, GRAIN - YIELD, MEASURED IN BU / ACRE","TOTAL","NOT SPECIFIED","80",""
"SURVEY","1960","YEAR","","COUNTY","OHIO","39","SOUTHWEST","70","CLINTON","027","","","00000000","","CORN","CORN, GRAIN - YIELD, MEASURED IN BU / ACRE","TOTAL","NOT SPECIFIED","75",""
"SURVEY","1959","YEAR","","COUNTY","OHIO","39","SOUTHWEST","70","CLINTON","027","","","00000000","","CORN","CORN, GRAIN - YIELD, MEASURED IN BU / ACRE","TOTAL","NOT SPECIFIED","69.5",""
"SURVEY","1958","YEAR","","COUNTY","OHIO","39","SOUTHWEST","70","CLINTON","027","","","00000000","","CORN","CORN, GRAIN - YIELD, MEASURED IN BU / ACRE","TOTAL","NOT SPECIFIED","58",""
"SURVEY","1957","YEAR","","COUNTY","OHIO","39","SOUTHWEST","70","CLINTON","027","","","00000000","","CORN","CORN, GRAIN - YIELD, MEASURED IN BU / ACRE","TOTAL","NOT SPECIFIED","62",""
"SURVEY","1956","YEAR","","COUNTY","OHIO","39","SOUTHWEST","70","CLINTON","027","","","00000000","","CORN","CORN, GRAIN - YIELD, MEASURED IN BU / ACRE","TOTAL","NOT SPECIFIED","74",""
"SURVEY","1955","YEAR","","COUNTY","OHIO","39","SOUTHWEST","70","CLINTON","027","","","00000000","","CORN","CORN, GRAIN - YIELD, MEASURED IN BU / ACRE","TOTAL","NOT SPECIFIED","67",""
"SURVEY","1954","YEAR","","COUNTY","OHIO","39","SOUTHWEST","70","CLINTON","027","","","00000000","","CORN","CORN, GRAIN - YIELD, MEASURED IN BU / ACRE","TOTAL","NOT SPECIFIED","69",""
"SURVEY","1953","YEAR","","COUNTY","OHIO","39","SOUTHWEST","70","CLINTON","027","","","00000000","","CORN","CORN, GRAIN - YIELD, MEASURED IN BU / ACRE","TOTAL","NOT SPECIFIED","61.7",""
"SURVEY","1952","YEAR","","COUNTY","OHIO","39","SOUTHWEST","70","CLINTON","027","","","00000000","","CORN","CORN, GRAIN - YIELD, MEASURED IN BU / ACRE","TOTAL","NOT SPECIFIED","57.7",""
"SURVEY","1951","YEAR","","COUNTY","OHIO","39","SOUTHWEST","70","CLINTON","027","","","00000000","","CORN","CORN, GRAIN - YIELD, MEASURED IN BU / ACRE","TOTAL","NOT SPECIFIED","52.6",""
"SURVEY","1950","YEAR","","COUNTY","OHIO","39","SOUTHWEST","70","CLINTON","027","","","00000000","","CORN","CORN, GRAIN - YIELD, MEASURED IN BU / ACRE","TOTAL","NOT SPECIFIED","58.5",""
"SURVEY","1949","YEAR","","COUNTY","OHIO","39","SOUTHWEST","70","CLINTON","027","","","00000000","","CORN","CORN, GRAIN - YIELD, MEASURED IN BU / ACRE","TOTAL","NOT SPECIFIED","57.5",""
"SURVEY","1948","YEAR","","COUNTY","OHIO","39","SOUTHWEST","70","CLINTON","027","","","00000000","","CORN","CORN, GRAIN - YIELD, MEASURED IN BU / ACRE","TOTAL","NOT SPECIFIED","65.2",""
"SURVEY","1947","YEAR","","COUNTY","OHIO","39","SOUTHWEST","70","CLINTON","027","","","00000000","","CORN","CORN, GRAIN - YIELD, MEASURED IN BU / ACRE","TOTAL","NOT SPECIFIED","51.2",""
"SURVEY","1946","YEAR","","COUNTY","OHIO","39","SOUTHWEST","70","CLINTON","027","","","00000000","","CORN","CORN, GRAIN - YIELD, MEASURED IN BU / ACRE","TOTAL","NOT SPECIFIED","56.9",""
"SURVEY","1945","YEAR","","COUNTY","OHIO","39","SOUTHWEST","70","CLINTON","027","","","00000000","","CORN","CORN, GRAIN - YIELD, MEASURED IN BU / ACRE","TOTAL","NOT SPECIFIED","59.3",""
"SURVEY","1944","YEAR","","COUNTY","OHIO","39","SOUTHWEST","70","CLINTON","027","","","00000000","","CORN","CORN, GRAIN - YIELD, MEASURED IN BU / ACRE","TOTAL","NOT SPECIFIED","43.2",""
"SURVEY","1943","YEAR","","COUNTY","OHIO","39","SOUTHWEST","70","CLINTON","027","","","00000000","","CORN","CORN, GRAIN - YIELD, MEASURED IN BU / ACRE","TOTAL","NOT SPECIFIED","61.9",""
"SURVEY","1942","YEAR","","COUNTY","OHIO","39","SOUTHWEST","70","CLINTON","027","","","00000000","","CORN","CORN, GRAIN - YIELD, MEASURED IN BU / ACRE","TOTAL","NOT SPECIFIED","59.3",""
"SURVEY","1941","YEAR","","COUNTY","OHIO","39","SOUTHWEST","70","CLINTON","027","","","00000000","","CORN","CORN, GRAIN - YIELD, MEASURED IN BU / ACRE","TOTAL","NOT SPECIFIED","57",""
"SURVEY","1940","YEAR","","COUNTY","OHIO","39","SOUTHWEST","70","CLINTON","027","","","00000000","","CORN","CORN, GRAIN - YIELD, MEASURED IN BU / ACRE","TOTAL","NOT SPECIFIED","37.1",""
"SURVEY","1939","YEAR","","COUNTY","OHIO","39","SOUTHWEST","70","CLINTON","027","","","00000000","","CORN","CORN, GRAIN - YIELD, MEASURED IN BU / ACRE","TOTAL","NOT SPECIFIED","48",""
"SURVEY","1938","YEAR","","COUNTY","OHIO","39","SOUTHWEST","70","CLINTON","027","","","00000000","","CORN","CORN, GRAIN - YIELD, MEASURED IN BU / ACRE","TOTAL","NOT SPECIFIED","46.9",""
"SURVEY","1937","YEAR","","COUNTY","OHIO","39","SOUTHWEST","70","CLINTON","027","","","00000000","","CORN","CORN, GRAIN - YIELD, MEASURED IN BU / ACRE","TOTAL","NOT SPECIFIED","52.4",""
"SURVEY","1936","YEAR","","COUNTY","OHIO","39","SOUTHWEST","70","CLINTON","027","","","00000000","","CORN","CORN, GRAIN - YIELD, MEASURED IN BU / ACRE","TOTAL","NOT SPECIFIED","35.8",""
"SURVEY","1935","YEAR","","COUNTY","OHIO","39","SOUTHWEST","70","CLINTON","027","","","00000000","","CORN","CORN, GRAIN - YIELD, MEASURED IN BU / ACRE","TOTAL","NOT SPECIFIED","43.3",""
"SURVEY","1934","YEAR","","COUNTY","OHIO","39","SOUTHWEST","70","CLINTON","027","","","00000000","","CORN","CORN, GRAIN - YIELD, MEASURED IN BU / ACRE","TOTAL","NOT SPECIFIED","37.9",""
"SURVEY","1933","YEAR","","COUNTY","OHIO","39","SOUTHWEST","70","CLINTON","027","","","00000000","","CORN","CORN, GRAIN - YIELD, MEASURED IN BU / ACRE","TOTAL","NOT SPECIFIED","38",""
"SURVEY","1932","YEAR","","COUNTY","OHIO","39","SOUTHWEST","70","CLINTON","027","","","00000000","","CORN","CORN, GRAIN - YIELD, MEASURED IN BU / ACRE","TOTAL","NOT SPECIFIED","40.4",""
"SURVEY","1931","YEAR","","COUNTY","OHIO","39","SOUTHWEST","70","CLINTON","027","","","00000000","","CORN","CORN, GRAIN - YIELD, MEASURED IN BU / ACRE","TOTAL","NOT SPECIFIED","49.2",""
"SURVEY","1930","YEAR","","COUNTY","OHIO","39","SOUTHWEST","70","CLINTON","027","","","00000000","","CORN","CORN, GRAIN - YIELD, MEASURED IN BU / ACRE","TOTAL","NOT SPECIFIED","28.5",""
"SURVEY","1929","YEAR","","COUNTY","OHIO","39","SOUTHWEST","70","CLINTON","027","","","00000000","","CORN","CORN, GRAIN - YIELD, MEASURED IN BU / ACRE","TOTAL","NOT SPECIFIED","34",""
"SURVEY","1928","YEAR","","COUNTY","OHIO","39","SOUTHWEST","70","CLINTON","027","","","00000000","","CORN","CORN, GRAIN - YIELD, MEASURED IN BU / ACRE","TOTAL","NOT SPECIFIED","34.9",""
"SURVEY","1927","YEAR","","COUNTY","OHIO","39","SOUTHWEST","70","CLINTON","027","","","00000000","","CORN","CORN, GRAIN - YIELD, MEASURED IN BU / ACRE","TOTAL","NOT SPECIFIED","36.6",""
"SURVEY","1924","YEAR","","COUNTY","OHIO","39","SOUTHWEST","70","CLINTON","027","","","00000000","","CORN","CORN, GRAIN - YIELD, MEASURED IN BU / ACRE","TOTAL","NOT SPECIFIED","33.9",""
"SURVEY","1923","YEAR","","COUNTY","OHIO","39","SOUTHWEST","70","CLINTON","027","","","00000000","","CORN","CORN, GRAIN - YIELD, MEASURED IN BU / ACRE","TOTAL","NOT SPECIFIED","44",""
"SURVEY","1922","YEAR","","COUNTY","OHIO","39","SOUTHWEST","70","CLINTON","027","","","00000000","","CORN","CORN, GRAIN - YIELD, MEASURED IN BU / ACRE","TOTAL","NOT SPECIFIED","43.7",""
"SURVEY","1921","YEAR","","COUNTY","OHIO","39","SOUTHWEST","70","CLINTON","027","","","00000000","","CORN","CORN, GRAIN - YIELD, MEASURED IN BU / ACRE","TOTAL","NOT SPECIFIED","37.6",""
"SURVEY","1920","YEAR","","COUNTY","OHIO","39","SOUTHWEST","70","CLINTON","027","","","00000000","","CORN","CORN, GRAIN - YIELD, MEASURED IN BU / ACRE","TOTAL","NOT SPECIFIED","42.4",""
"SURVEY","1919","YEAR","","COUNTY","OHIO","39","SOUTHWEST","70","CLINTON","027","","","00000000","","CORN","CORN, GRAIN - YIELD, MEASURED IN BU / ACRE","TOTAL","NOT SPECIFIED","46.2",""
"SURVEY","1918","YEAR","","COUNTY","OHIO","39","SOUTHWEST","70","CLINTON","027","","","00000000","","CORN","CORN, GRAIN - YIELD, MEASURED IN BU / ACRE","TOTAL","NOT SPECIFIED","38.8",""
