observation_date,BROH39M647NCEN
2001-01-01,630057
2001-02-01,618934
2001-03-01,645296
2001-04-01,644531
2001-05-01,648599
2001-06-01,649113
2001-07-01,664752
2001-08-01,664210
2001-09-01,667234
2001-10-01,692533
2001-11-01,691007
2001-12-01,722426
2002-01-01,719549
2002-02-01,719372
2002-03-01,744274
2002-04-01,747336
2002-05-01,745895
2002-06-01,745694
2002-07-01,758750
2002-08-01,755179
2002-09-01,774138
2002-10-01,783188
2002-11-01,805933
2002-12-01,843654
2003-01-01,842673
2003-02-01,837072
2003-03-01,861251
2003-04-01,854973
2003-05-01,871824
2003-06-01,888788
2003-07-01,886435
2003-08-01,886654
2003-09-01,902372
2003-10-01,903658
2003-11-01,903821
2003-12-01,937731
2004-01-01,932221
2004-02-01,935554
2004-03-01,957904
2004-04-01,950493
2004-05-01,958356
2004-06-01,967221
2004-07-01,961844
2004-08-01,969422
2004-09-01,966994
2004-10-01,975382
2004-11-01,983705
2004-12-01,997064
2005-01-01,1007914
2005-02-01,988560
2005-03-01,1018259
2005-04-01,1006365
2005-05-01,1023603
2005-06-01,1010979
2005-07-01,1014775
2005-08-01,1029376
2005-09-01,1030714
2005-10-01,1041695
2005-11-01,1041960
2005-12-01,1055644
2006-01-01,1051528
2006-02-01,1041075
2006-03-01,1056389
2006-04-01,1046448
2006-05-01,1069641
2006-06-01,1074637
2006-07-01,1089873
2006-08-01,1073612
2006-09-01,1065764
2006-10-01,1068748
2006-11-01,1062089
2006-12-01,1074047
2007-01-01,1074737
2007-02-01,1054734
2007-03-01,1067689
2007-04-01,1067102
2007-05-01,1081748
2007-06-01,1088223
2007-07-01,1090411
2007-08-01,1098232
2007-09-01,1093405
2007-10-01,1109676
2007-11-01,1114120
2007-12-01,1128005
2008-01-01,1139495
2008-02-01,1126397
2008-03-01,1142836
2008-04-01,1152412
2008-05-01,1160225
2008-06-01,1169351
2008-07-01,1174333
2008-08-01,1178935
2008-09-01,1215346
2008-10-01,1208500
2008-11-01,1223762
2008-12-01,1264803
2009-01-01,1287349
2009-02-01,1307285
2009-03-01,1343251
2009-04-01,1367343
2009-05-01,1401927
2009-06-01,1442644
2009-07-01,1456145
2009-08-01,1481385
2009-09-01,1504550
2009-10-01,1519305
2009-11-01,1542230
2009-12-01,1576682
2010-01-01,1579716
2010-02-01,1580984
2010-03-01,1604132
2010-04-01,1611878
2010-05-01,1620244
2010-06-01,1646418
2010-07-01,1652927
2010-08-01,1670671
2010-09-01,1683877
2010-10-01,1710948
2010-11-01,1772608
2010-12-01,1795578
2011-01-01,1805861
2011-02-01,1807165
2011-03-01,1830051
2011-04-01,1801679
2011-05-01,1781487
2011-06-01,1767340
2011-07-01,1756228
2011-08-01,1765519
2011-09-01,1756380
2011-10-01,1766584
2011-11-01,1793380
2011-12-01,1816920
2012-01-01,1827815
2012-02-01,1830187
2012-03-01,1842315
2012-04-01,1824217
2012-05-01,1803697
2012-06-01,1790955
2012-07-01,1787925
2012-08-01,1787919
2012-09-01,1779101
2012-10-01,1804887
2012-11-01,1816409
2012-12-01,1832777
2013-01-01,1845325
2013-02-01,1837229
2013-03-01,1853963
2013-04-01,1844692
2013-05-01,1830161
2013-06-01,1815695
2013-07-01,1813874
2013-08-01,1802036
2013-09-01,1799050
2013-10-01,1799770
2013-11-01,1787984
2013-12-01,1799993
2014-01-01,1775855
2014-02-01,1757718
2014-03-01,1760557
2014-04-01,1750373
2014-05-01,1735294
2014-06-01,1730818
2014-07-01,1719027
2014-08-01,1706254
2014-09-01,1701979
2014-10-01,1700025
2014-11-01,1697147
2014-12-01,1710427
2015-01-01,1690273
2015-02-01,1680384
2015-03-01,1691441
2015-04-01,1671103
2015-05-01,1656797
2015-06-01,1659826
2015-07-01,1648146
2015-08-01,1638850
2015-09-01,1631559
2015-10-01,1629349
2015-11-01,1634213
2015-12-01,1643233
2016-01-01,1627589
2016-02-01,1629165
2016-03-01,1628168
2016-04-01,1610098
2016-05-01,1601833
2016-06-01,1591757
2016-07-01,1566937
2016-08-01,1576754
2016-09-01,1564498
2016-10-01,1553901
2016-11-01,1549654
2016-12-01,1539886
2017-01-01,1532807
2017-02-01,1510943
2017-03-01,1522223
2017-04-01,1491788
2017-05-01,1490125
2017-06-01,1476547
2017-07-01,1445160
2017-08-01,1459106
2017-09-01,1449403
2017-10-01,1454106
2017-11-01,1445457
2017-12-01,1447154
2018-01-01,1438832
2018-02-01,1421394
2018-03-01,1418692
2018-04-01,1403759
2018-05-01,1417857
2018-06-01,1409275
2018-07-01,1402925
2018-08-01,1401376
2018-09-01,1395560
2018-10-01,1400704
2018-11-01,1401599
2018-12-01,1406880
2019-01-01,1412021
2019-02-01,1396598
2019-03-01,1394981
2019-04-01,1385222
2019-05-01,1378556
2019-06-01,1379247
2019-07-01,1375056
2019-08-01,1375316
2019-09-01,1381245
2019-10-01,1380490
2019-11-01,1374527
2019-12-01,1373772
2020-01-01,1377403
2020-02-01,1365936
2020-03-01,1374108
2020-04-01,1382485
2020-05-01,1390914
2020-06-01,1403021
2020-07-01,1538558
2020-08-01,1399895
2020-09-01,1401212
2020-10-01,1498880
2020-11-01,1464612
2020-12-01,1456030
2021-01-01,1536645
2021-02-01,1532847
2021-03-01,1535731
2021-04-01,1535325
2021-05-01,1539008
2021-06-01,1542770
2021-07-01,1497379
2021-08-01,1483344
2021-09-01,1490681
2021-10-01,1495296
2021-11-01,1487222
2021-12-01,1491183
2022-01-01,1485417
2022-02-01,1489166
2022-03-01,1497948
2022-04-01,1498058
2022-05-01,1499146
2022-06-01,1502137
2022-07-01,1492044
2022-08-01,1487242
2022-09-01,1470665
2022-10-01,1457869
2022-11-01,1448138
2022-12-01,1447559
2023-01-01,1433340
2023-02-01,1401411
2023-03-01,1443897
2023-04-01,1403704
2023-05-01,1397579
2023-06-01,1404114
2023-07-01,1393545
2023-08-01,1392503
2023-09-01,1392400
2023-10-01,1376833
2023-11-01,1374119
2023-12-01,1383070
2024-01-01,1376970
2024-02-01,1385035
2024-03-01,1392442
2024-04-01,1396225
2024-05-01,1401313
2024-06-01,1394828
